Address,Asking Price,Beds,Baths,Property Type,Energy Rating,Eircode,Local Property Tax,Agency Name,Agency Contact,Price Changes,URL,MyHome_Address,MyHome_Asking_Price,MyHome_Beds,MyHome_Baths,MyHome_Floor_Area_Value,MyHome_BER_Rating,MyHome_BER_Number,MyHome_Energy_Performance_Indicator,MyHome_Latitude,MyHome_Longitude,MyHome_Monthly_Price,MyHome_Floor_Area_Unit,MyHome_Publish_Date,MyHome_Sale_Type,MyHome_Category,MyHome_Featured_Level,MyHome_Link
"Taramar, Middle Third, Dublin 5, D05X8N9","€750,000",4 Bed,1 Bath,End of Terrace,E2,D05 X8N9,€765,Hamill Estate Agents & Valuers,Hamill Estate Agents & Valuers,"Sold, €950,000, Fri Sep 13 2024; Sale Agreed, €750,000, Thu Jun 06 2024; Created, €750,000, Fri Apr 19 2024",https://mynest.ie/listing/126051/Dublin/taramar-middle-third-dublin-5-d05x8n9,"Taramar, Middle Third, Killester, Dublin 5",Sold,4 beds,,142,,,,53.3738569,-6.203371,0,m²,,,,,https://www.myhome.ie/residential/brochure/taramar-middle-third-killester-dublin-5/4786863
"87 Haddington Road, Dublin 4, D04WP23","€990,000",5 Bed,3 Bath,Terrace,SI_666,D04 WP23,"€1,035",Turley Property Advisors,Susan Turley,"Sold, €1,010,000, Fri Sep 13 2024; Sale Agreed, €990,000, Tue Apr 30 2024; Relisted, €990,000, Thu Feb 08 2024; Sale Agreed, €990,000, Sat Oct 07 2023; Price Drop, €990,000, Wed Sep 27 2023; Created, €1,150,000, Fri Aug 25 2023",,"87 Haddington Road, Ballsbridge, Dublin 4",Sale Agreed,5 beds,3 baths,175,,,,53.3353854,-6.2398422,0,m²,,,,,https://www.myhome.ie/residential/brochure/87-haddington-road-ballsbridge-dublin-4/4731627
"Apartment 79, The Northumberlands, Love Lane East, Dublin 2, D02X068","€410,000",2 Bed,1 Bath,Apartment,C1,D02 X068,€405,Owen Reilly,Owen Reilly Sales,"Sold, €480,000, Fri Sep 13 2024; Sale Agreed, €410,000, Mon Jul 01 2024; Created, €410,000, Wed Jun 05 2024",https://mynest.ie/listing/134218/Dublin/apartment-79-the-northumberlands-love-lane-east-dublin-2-d02x068,"79 The Northumberlands, Love Lane East, Mount Street Lower, Grand Canal Dk, Dublin 2",Sold,2 beds,,64,,,,53.3498053,-6.2603097,0,m²,,,,,https://www.myhome.ie/residential/brochure/79-the-northumberlands-love-lane-east-mount-street-lower-grand-canal-dk-dublin-2/4803439
"7 Parkside Heath, Clongriffin, Dublin 13, Dublin 13, D13WN3C","€535,000",3 Bed,3 Bath,Terrace,A3,D13 WN3C,€585,Sherry FitzGerald Sutton,Madeleine O'Connor,"Sold, €569,000, Fri Sep 13 2024; Unlisted, €535,000, Tue Jun 11 2024; Created, €535,000, Fri May 03 2024",https://mynest.ie/listing/128619/Dublin/7-parkside-heath-clongriffin-dublin-13-dublin-13-d13wn3c,"7 Parkside Heath, Balgriffin, Dublin 13",Sold,3 beds,3 baths,113,,,,53.4076529,-6.1634179,0,m²,,,,,https://www.myhome.ie/residential/brochure/7-parkside-heath-balgriffin-dublin-13/4792923
"5 Herbert Road, Blanchardstown, Blanchardstown, Dublin 15, D15A3TN","€400,000",2 Bed,1 Bath,Bungalow,D2,D15 A3TN,€405,Lloyd Daly & Associates Ltd.,Lloyd Daly & Associates - Sales,"Sold, €432,200, Fri Sep 13 2024; Sale Agreed, €400,000, Mon May 20 2024; Created, €400,000, Sat Feb 24 2024",https://mynest.ie/listing/117502/Dublin/5-herbert-road-blanchardstown-blanchardstown-dublin-15-d15a3tn,,,,,,,,,53.3876053,-6.3745625,,,,,,,https://www.myhome.ie/residential/dublin/sale-agreed-bungalow-in-dublin-15
"Apartment 40, The Swift, Tassagard Greens, Saggart, Co. Dublin, D24KF58","€290,000",2 Bed,2 Bath,Apartment,B3,D24 KF58,€315,Smith & Butler Estates,Danny Butler,"Sold, €340,000, Fri Sep 13 2024; Sale Agreed, €290,000, Thu Jul 11 2024; Relisted, €290,000, Thu Apr 11 2024; Sale Agreed, €290,000, Fri Mar 15 2024; Created, €290,000, Thu Nov 23 2023",https://mynest.ie/listing/106324/Dublin/apartment-40-the-swift-tassagard-greens-saggart-co-dublin-d24kf58,,,,,,,,,53.2813933,-6.4406691,,,,,,,https://www.myhome.ie/priceregister/40-the-swift-tassagard-greens-saggart-co-dublin-d24kf58-1526211
"31 Tibradden Grove, Dublin 12, D12P2X4","€355,000",3 Bed,1 Bath,Terrace,D1,D12 P2X4,€405,Byrne and Moore Property Consultants Limited,Bryne & Moore Property,"Sold, €390,000, Fri Sep 13 2024; Sale Agreed, €355,000, Mon Jun 24 2024; Relisted, €355,000, Fri May 31 2024; Sale Agreed, €355,000, Fri May 17 2024; Created, €355,000, Tue Feb 27 2024",,"14, Tibradden Grove, Greenpark, Walkinstown, Dublin 12",Sold,3 beds,,106,,,,53.3082284,-6.341920300000001,0,m²,,,,,https://www.myhome.ie/residential/brochure/14-tibradden-grove-greenpark-walkinstown-dublin-12/4534324
"Apartment 207, The Edges 1, Beacon South Quarter, Sandyford, Dublin 18, D18KX68","€375,000",2 Bed,2 Bath,Apartment,B3,D18 KX68,€405,Herbert & Lansdowne Estate Agents,Sales Department,"Sold, €387,000, Fri Sep 13 2024; Sale Agreed, €375,000, Tue Mar 19 2024; Created, €375,000, Mon Jan 08 2024",https://mynest.ie/listing/109892/Dublin/apartment-207-the-edges-1-beacon-south-quarter-sandyford-dublin-18-d18kx68,"207 The Edges 1, Beacon South Quarter, Sandyford, Dublin 18",Sold,2 beds,2 baths,64,,,,53.2779697,-6.2168677,0,m²,,,,,https://www.myhome.ie/residential/brochure/207-the-edges-1-beacon-south-quarter-sandyford-dublin-18/4766555
"80 Moatfield Road, Coolock, Coolock, Dublin 5, D05X9C0","€395,000",3 Bed,1 Bath,Terrace,E1,D05 X9C0,€405,Hamill Estate Agents & Valuers,Hamill Estate Agents & Valuers,"Sold, €435,000, Thu Sep 12 2024; Sale Agreed, €395,000, Wed Jul 24 2024; Relisted, €395,000, Fri Jun 21 2024; Price Rise, €395,000, Fri Jun 21 2024; Sale Agreed, €375,000, Tue Mar 26 2024; Created, €375,000, Thu Feb 15 2024",https://mynest.ie/listing/116212/Dublin/80-moatfield-road-coolock-coolock-dublin-5-d05x9c0,"80 Moatfield Road, Coolock, Dublin 5",Sold,3 beds,,95,,,,53.386624,-6.192723699999999,0,m²,,,,,https://www.myhome.ie/residential/brochure/80-moatfield-road-coolock-dublin-5/4772894
"79 South Circular Road, Dublin 8, D08HR77","€1,350,000",4 Bed,3 Bath,Terrace,SI_666,D08 HR77,"€1,846",Leonard Wilson Keenan Estates & Letting Agents,Patrick Leonard,"Sold, €1,490,000, Thu Sep 12 2024; Sale Agreed, €1,350,000, Fri Aug 23 2024; Created, €1,350,000, Fri May 31 2024",https://mynest.ie/listing/133579/Dublin/79-south-circular-road-dublin-8-d08hr77,,,,,,,,,53.3350043,-6.2935482,,,,,,,https://www.myhome.ie/residential/dublin-8/period-house-for-sale-in-portobello
"73 Fforster Lawn, Lucan, Co. Dublin, K78XY03","€375,000",3 Bed,3 Bath,Semi-D,C2,K78 XY03,€405,REA McDonald,Fiachra McGrath,"Sold, €415,000, Thu Sep 12 2024; Sale Agreed, €375,000, Tue Jul 02 2024; Created, €375,000, Fri Jun 21 2024",https://mynest.ie/listing/137294/Dublin/73-fforster-lawn-lucan-co-dublin-k78xy03,,,,,,,,,53.3491137,-6.4285356,,,,,,,https://www.myhome.ie/residential/brochure/73-fforster-lawn-lucan-dublin/4807339
"72 Hillcourt Road Glenageary, Glenageary, Co. Dublin, A96HK25","€695,000",4 Bed,2 Bath,Semi-D,C3,A96 HK25,€675,Lisney Sotheby's International Realty (Dalkey),Michelle Kealy,"Sold, €760,000, Thu Sep 12 2024; Sale Agreed, €695,000, Thu May 30 2024; Created, €695,000, Tue May 07 2024",https://mynest.ie/listing/128949/Dublin/72-hillcourt-road-glenageary-glenageary-co-dublin-a96hk25,"72 Hillcourt Road, Glenageary, Co. Dublin",Sold,4 beds,2 baths,133,,,,53.2741203,-6.1311936,0,m²,,,,,https://www.myhome.ie/residential/brochure/72-hillcourt-road-glenageary-co-dublin/4827365
"Apartment 7, Sherkin Court, Drumcondra, Dublin 9, D09KT22","€325,000",2 Bed,1 Bath,Apartment,E1,D09 KT22,€315,MoveHome Estate & Letting Agent,Nigel Kennedy MIPAV,"Sold, €371,000, Thu Sep 12 2024; Sale Agreed, €325,000, Mon Jun 17 2024; Created, €325,000, Thu May 16 2024",https://mynest.ie/listing/130666/Dublin/apartment-7-sherkin-court-drumcondra-dublin-9-d09kt22,"Apt 7 Sherkin Court, Off Griffith Avenue, Drumcondra, Dublin 9",,,,,,,,53.37586750000001,-6.2538143,,,,,,,https://www.myhome.ie/residential/brochure/apt-7-sherkin-court-off-griffith-avenue-drumcondra-dublin-9/4796254
"67 Woodford Court. D22 ND66, Clondalkin, Dublin 22","€330,000",3 Bed,3 Bath,Terrace,B3,D22 ND66,€315,Ray Cooke Auctioneers Clondalkin,Southside Sales 2,"Sold, €412,000, Thu Sep 12 2024; Unlisted, €330,000, Mon Jan 29 2024; Created, €330,000, Fri Jan 26 2024",https://mynest.ie/listing/113546/Dublin/67-woodford-court-d22-nd66-clondalkin-dublin-22,"67 woodford court, Clondalkin, Dublin 22",Sold,3 beds,3 baths,125,,,,53.3200964,-6.377820499999999,0,m²,,,,,https://www.myhome.ie/residential/brochure/67-woodford-court-clondalkin-dublin-22/4770108
"64 Carton House, Ridgewood, Swords, Co. Dublin, K67CF68","€290,000",2 Bed,--,Apartment,C1,K67 CF68,€315,Sherry FitzGerald Swords,Michael Lenehan,"Sold, €332,030, Thu Sep 12 2024; Unlisted, €290,000, Mon May 20 2024; Created, €290,000, Wed May 01 2024",https://mynest.ie/listing/128118/Dublin/64-carton-house-ridgewood-swords-co-dublin-k67cf68,"64 Carton House, Ridgewood, Swords, Co. Dublin",Sold,2 beds,,64,,,,53.44610669999999,-6.2430268,0,m²,,,,,https://www.myhome.ie/residential/brochure/64-carton-house-ridgewood-swords-co-dublin/4791166
"57 Mount Andrew Court, Lucan, Co. Dublin, K78RY98","€290,000",2 Bed,1 Bath,Apartment,B2,K78 RY98,€315,DNG Lucan,Eoin Gorry,"Sold, €345,000, Thu Sep 12 2024; Sale Agreed, €290,000, Tue May 21 2024; Created, €290,000, Thu May 02 2024",https://mynest.ie/listing/128318/Dublin/57-mount-andrew-court-lucan-co-dublin-k78ry98,"57 Mount Andrew Court, Lucan, Co. Dublin",Sold,2 beds,,73,,,,53.3582171,-6.4118906,0,m²,,,,,https://www.myhome.ie/residential/brochure/57-mount-andrew-court-lucan-co-dublin/4792413
"56 Balally Drive, Dundrum, Dundrum, Dublin 16, D16NT63","€675,000",4 Bed,2 Bath,Semi-D,D2,D16 NT63,€675,O’Toole & Co,Gerard O'Toole,"Sold, €775,000, Thu Sep 12 2024; Sale Agreed, €675,000, Tue Jun 04 2024; Created, €675,000, Thu May 30 2024",https://mynest.ie/listing/133316/Dublin/56-balally-drive-dundrum-dundrum-dublin-16-d16nt63,"56 Balally Drive, Dundrum, Dublin 16",Sale Agreed,4 beds,2 baths,114,,,,53.28366459999999,-6.23165,0,m²,,,,,https://www.myhome.ie/residential/brochure/56-balally-drive-dundrum-dublin-16/4801839
"Apartment 51, The Willow, Parkview, Stepaside, Dublin 18, D18E896","€379,950",2 Bed,2 Bath,Apartment,B2,D18 E896,€405,Churches Estate Agents,Ben Thompson,"Sold, €385,000, Thu Sep 12 2024; Sale Agreed, €379,950, Wed Jul 03 2024; Relisted, €379,950, Thu Jun 13 2024; Sale Agreed, €379,950, Thu Jun 06 2024; Relisted, €379,950, Mon Apr 22 2024; Price Rise, €379,950, Mon Apr 22 2024; Sale Agreed, €374,950, Wed Feb 21 2024; Created, €374,950, Mon Jan 29 2024",https://mynest.ie/listing/113838/Dublin/apartment-51-the-willow-parkview-stepaside-dublin-18-d18e896,"51 The Willow, Parkview, Stepaside, Dublin 18",Sale Agreed,2 beds,2 baths,84,,,,53.2601841,-6.2238399,0,m²,,,,,https://www.myhome.ie/residential/brochure/51-the-willow-parkview-stepaside-dublin-18/4770380
"43 Hayestown, Rush, Co. Dublin","€319,950",2 Bed,1 Bath,Bungalow,D1,K56 Y206,€315,Leonard Wilson Keenan Estates & Letting Agents,Multi Award Winning Team Richard Todd,"Sold, €453,000, Thu Sep 12 2024; Unlisted, €319,950, Thu Apr 13 2023; Created, €319,950, Tue Apr 04 2023",https://mynest.ie/listing/66930/Dublin/43-hayestown-rush-co-dublin,"43 Hayestown, Rush, Dublin",Sale Agreed,2 beds,,,,,,53.5241245,-6.1130562,0,,,,,,https://www.myhome.ie/residential/brochure/43-hayestown-rush-dublin/4782178
"43 Hayestown, Rush, Co. Dublin, K56Y206","€365,000",2 Bed,1 Bath,Bungalow,D1,K56 Y206,€405,Leonard Wilson Keenan Estates & Letting Agents,Richard Todd,"Sold, €453,000, Thu Sep 12 2024; Unlisted, €365,000, Wed Feb 28 2024; Created, €365,000, Tue Feb 20 2024",https://mynest.ie/listing/116836/Dublin/43-hayestown-rush-co-dublin-k56y206,,,,,,,,,,,,,,,,,
"4 Mill Court Way, Clondalkin, Dublin 22, D22T1W3","€324,950",3 Bed,2 Bath,Semi-D,C1,D22 T1W3,€315,Leonard Wilson Keenan Estates & Letting Agents,Patrick Leonard,"Sold, €343,000, Thu Sep 12 2024; Unlisted, €324,950, Fri May 10 2024; Created, €324,950, Tue Apr 16 2024",https://mynest.ie/listing/125360/Dublin/4-mill-court-way-clondalkin-dublin-22-d22t1w3,,,,,,,,,53.31980919999999,-6.4213116,,,,,,,https://www.myhome.ie/residential/dublin-22/duplux-for-sale-in-clondalkin
"3 Mayfield Terrace, Ballinteer, Ballinteer, Dublin 16, D16EE71","€480,000",3 Bed,1 Bath,Terrace,D2,D16 EE71,€495,Wallace Auctioneers & Property Management,Martin Wallace,"Sold, €480,000, Thu Sep 12 2024; Sale Agreed, €480,000, Sun May 12 2024; Relisted, €480,000, Mon Feb 19 2024; Price Drop, €480,000, Mon Feb 19 2024; Unlisted, €510,000, Thu Feb 15 2024; Created, €510,000, Wed Sep 20 2023",,"14 Mayfield Terrace, Ballinteer, Dublin",Sold,3 beds,,62,,,,53.279497,-6.2457116,0,m²,,,,,https://www.myhome.ie/residential/brochure/14-mayfield-terrace-ballinteer-dublin/4635075
"Apartment 28, Saint Cathryn's Court, Newgrove Avenue, Sandymount, Dublin 4, D04T261","€550,000",2 Bed,1 Bath,Apartment,C2,D04 T261,€585,Bennetts,Marc McGrath,"Sold, €575,000, Thu Sep 12 2024; Sale Agreed, €550,000, Fri Aug 02 2024; Relisted, €550,000, Fri Jun 14 2024; Sale Agreed, €550,000, Wed Oct 25 2023; Created, €550,000, Mon Aug 21 2023",,"Apt 28 St. Cathryns Court, Newgrove Avenue, Sandymount, Dublin 4",Sold,2 beds,,93,,,,53.3316228,-6.211920800000001,0,m²,,,,,https://www.myhome.ie/residential/brochure/apt-28-st-cathryns-court-newgrove-avenue-sandymount-dublin-4/4729882
"23 Hunters Avenue, Hunters Wood, Ballycullen, Dublin 24, D24YP59","€305,000",2 Bed,2 Bath,Apartment,E1,D24 YP59,€315,Mark Kelly & Associates,Siobhan Liston,"Sold, €327,000, Thu Sep 12 2024; Sale Agreed, €305,000, Thu May 09 2024; Created, €305,000, Fri Apr 12 2024",https://mynest.ie/listing/124848/Dublin/23-hunters-avenue-hunters-wood-ballycullen-dublin-24-d24yp59,"23 Hunters Avenue, Hunters Wood, Ballycullen, Dublin 24",Sale Agreed,2 beds,2 baths,76,,,,53.2714416,-6.3307775,0,m²,,,,,https://www.myhome.ie/residential/brochure/23-hunters-avenue-hunters-wood-ballycullen-dublin-24/4785214
"19 Beechwood Park, Ranelagh, Dublin 6, D06C803","€875,000",3 Bed,2 Bath,Semi-D,G,D06 C803,€855,Sherry FitzGerald Ranelagh,Deirdre Hegarty,"Sold, €950,000, Thu Sep 12 2024; Sale Agreed, €875,000, Mon Jun 10 2024; Relisted, €875,000, Fri May 03 2024; Sale Agreed, €875,000, Fri Oct 13 2023; Created, €875,000, Thu Aug 24 2023",,,,,,,,,,53.3216276,-6.258680699999999,,,,,,,https://www.myhome.ie/priceregister/19-beechwood-road-ranelagh-dublin-6-1038659
"183 Charlemont, Griffith Avenue, Drumcondra, Dublin 9, D09E544","€525,000",3 Bed,1 Bath,Terrace,C3,D09 E5W4,€495,KELLY BRADSHAW DALTON,Sharon Beckett,"Sold, €530,000, Thu Sep 12 2024; Sale Agreed, €525,000, Wed Jul 24 2024; Created, €525,000, Tue May 21 2024",https://mynest.ie/listing/131480/Dublin/183-charlemont-griffith-avenue-drumcondra-dublin-9-d09e544,"186, Charlemont, Griffith Avenue, Drumcondra, Dublin 9",Sale Agreed,3 beds,,117,,,,53.3767085,-6.2333808,0,m²,,,,,https://www.myhome.ie/residential/brochure/186-charlemont-griffith-avenue-drumcondra-dublin-9/4791145
"17 Chalfont Road, Malahide, Co. Dublin, K36XC53","€845,000",4 Bed,2 Bath,Semi-D,D2,K36 XC53,€855,"Brophy Estates, Auctioneers and Estate Agents",John Brophy Assoc. SCSI RICS,"Sold, €860,000, Thu Sep 12 2024; Sale Agreed, €845,000, Thu May 09 2024; Created, €845,000, Thu Apr 18 2024",https://mynest.ie/listing/125799/Dublin/17-chalfont-road-malahide-co-dublin-k36xc53,"17 Chalfont Road, Malahide, County Dublin",Sale Agreed,4 beds,2 baths,154,,,,53.4521392,-6.1645184,0,m²,,,,,https://www.myhome.ie/residential/brochure/17-chalfont-road-malahide-county-dublin/4786431
"17 Beau Park Street, Clongriffin, Dublin 13","€395,000",3 Bed,2 Bath,Terrace,C1,D13 NN50,€405,Sherry FitzGerald Sutton,Ryan O'Connor,"Sold, €415,000, Thu Sep 12 2024; Unlisted, €395,000, Wed Nov 23 2022; Created, €395,000, Mon Oct 24 2022",https://mynest.ie/listing/29616/Dublin/17-beau-park-street-clongriffin-dublin-13,"17 Beau Park Street, Clongriffin, Dublin 13",Sold,3 beds,3 baths,105,,,,53.4019766,-6.151980399999999,0,m²,,,,,https://www.myhome.ie/residential/brochure/17-beau-park-street-clongriffin-dublin-13/4339053
"17 Beau Park Street D13 NN50, Clongriffin, Dublin 13, D13NN50","€415,000",3 Bed,3 Bath,Terrace,B3,D13 NN50,€405,Quillsen Fairview,Alison O' Hara,"Sold, €415,000, Thu Sep 12 2024; Sale Agreed, €415,000, Wed Feb 07 2024; Created, €415,000, Tue Jan 16 2024",https://mynest.ie/listing/112081/Dublin/17-beau-park-street-d13-nn50-clongriffin-dublin-13-d13nn50,"17 Beau Park Street, Clongriffin, Dublin 13",Sold,3 beds,3 baths,105,,,,53.4019766,-6.151980399999999,0,m²,,,,,https://www.myhome.ie/residential/brochure/17-beau-park-street-clongriffin-dublin-13/4339053
"12 Greenville Road, Blackrock, Co. Dublin, A94F585","€925,000",4 Bed,2 Bath,Semi-D,C1,A94 F585,€945,Sherry FitzGerald Blackrock,Joan O'Hanlon,"Sold, €1,175,000, Thu Sep 12 2024; Unlisted, €925,000, Thu Apr 25 2024; Created, €925,000, Wed Mar 06 2024",https://mynest.ie/listing/119112/Dublin/12-greenville-road-blackrock-co-dublin-a94f585,"12 Greenville Court, Stradbrook Road, Blackrock, Co. Dublin",Sold,2 beds,,63,,,,53.29363590000001,-6.1664543,0,m²,,,,,https://www.myhome.ie/residential/brochure/12-greenville-court-stradbrook-road-blackrock-co-dublin/4749817
"10 Holywell Crescent North, Swords, Co. Dublin","€249,950",2 Bed,2 Bath,Apartment,B3,K67 E176,€225,Flynn Estate Agents,Flynn & Associates Swords,"Sold, €290,000, Thu Sep 12 2024; Sale Agreed, €249,950, Wed Jun 21 2023; Created, €249,950, Fri May 12 2023",https://mynest.ie/listing/73824/Dublin/10-holywell-crescent-north-swords-co-dublin,"10 Holywell Crescent North, Swords, County Dublin",Sale Agreed,2 beds,2 baths,73,,,,53.4437562,-6.210971799999999,0,m²,,,,,https://www.myhome.ie/residential/brochure/10-holywell-crescent-north-swords-county-dublin/4771313
"Apartment 6, 45 Saint Anthony's Road, Rialto, Dublin 8, D08XD73","€350,000",2 Bed,2 Bath,Apartment,SI_666,D08 XD73,€315,Keller Williams Ireland,Team Castles,"Sold, €390,000, Wed Sep 11 2024; Sale Agreed, €350,000, Thu May 23 2024; Created, €350,000, Thu Mar 28 2024",https://mynest.ie/listing/122564/Dublin/apartment-6-45-saint-anthonys-road-rialto-dublin-8-d08xd73,"Apartment 6, 45 St Anthonys Road, Rialto, Dublin 8",Sold,2 beds,2 baths,,,,,53.3378317,-6.2936549,0,,,,,,https://www.myhome.ie/residential/brochure/apartment-6-45-st-anthonys-road-rialto-dublin-8/4782577
"80 Lakelands Close, Stillorgan, Co. Dublin, A94DW98","€695,000",4 Bed,2 Bath,Semi-D,F,A94 DW98,€675,Place Estate Agents,Place Estate Agents,"Sold, €723,000, Wed Sep 11 2024; Unlisted, €695,000, Wed Sep 18 2024; Relisted, €695,000, Wed Jun 19 2024; Sale Agreed, €695,000, Thu Jun 13 2024; Created, €695,000, Mon May 20 2024",https://mynest.ie/listing/131283/Dublin/80-lakelands-close-stillorgan-co-dublin-a94dw98,"80 Lakelands Close, Stillorgan, Co. Dublin",Sold,4 beds,2 baths,125,,,,53.2811781,-6.2146214,0,m²,,,,,https://www.myhome.ie/residential/brochure/80-lakelands-close-stillorgan-co-dublin/4798259
"8 Heathfield Park, Finglas, Finglas, Dublin 11, D11K0YH","€395,000",3 Bed,3 Bath,Terrace,A2,D11 K0YH,€405,Leonard Wilson Keenan Estates & Letting Agents,Patrick Leonard,"Sold, €400,000, Wed Sep 11 2024; Sale Agreed, €395,000, Tue May 28 2024; Created, €395,000, Fri Jan 26 2024",https://mynest.ie/listing/113684/Dublin/8-heathfield-park-finglas-finglas-dublin-11-d11k0yh,"8 Finglas Park, Finglas, Dublin 11",Sold,3 beds,,,,,,53.3947671,-6.321414799999999,0,,,,,,https://www.myhome.ie/residential/brochure/8-finglas-park-finglas-dublin-11/4780828
"5 Marina View, Dun Laoghaire, Co Dublin, A96YA07","€495,000",2 Bed,2 Bath,Apartment,B3,A96 YA07,€495,Sherry FitzGerald Dun Laoghaire,Jacqui McCabe,"Sold, €580,000, Wed Sep 11 2024; Unlisted, €495,000, Fri May 03 2024; Created, €495,000, Wed Mar 27 2024",https://mynest.ie/listing/122349/Dublin/5-marina-view-dun-laoghaire-co-dublin-a96ya07,"5 Marina View, Dun Laoghaire, Co. Dublin",,,,,,,,53.2953678,-6.1433825,,,,,,,https://www.myhome.ie/residential/brochure/5-marina-view-dun-laoghaire-co-dublin/4782096
"Apartment 4, The Sycamore, Parkview, Stepaside, Dublin 18, D18NA40","€375,000",2 Bed,2 Bath,Apartment,C1,D18 NA40,€405,Janet Carroll Estate Agent,Andrew Quirke MIPAV Assoc SCSI,"Sold, €385,000, Wed Sep 11 2024; Sale Agreed, €375,000, Tue Jun 25 2024; Relisted, €375,000, Wed Jun 05 2024; Sale Agreed, €375,000, Tue May 07 2024; Relisted, €375,000, Mon Apr 29 2024; Sale Agreed, €375,000, Tue Apr 16 2024; Created, €375,000, Thu Mar 14 2024",https://mynest.ie/listing/119920/Dublin/apartment-4-the-sycamore-parkview-stepaside-dublin-18-d18na40,"The Sycamore, Parkview, Stepaside, Dublin 18",Let Agreed,2 beds,2 baths,,,,,53.2602026,-6.2233227,0,,,,,,https://www.myhome.ie/rentals/brochure/the-sycamore-parkview-stepaside-dublin-18/2874183
"38 Dundela Avenue, Sandycove, Co. Dublin, A96X9W0","€995,000",4 Bed,2 Bath,Detached,E2,A96 X9W0,"€1,035",Janet Carroll Estate Agent,Janet Carroll MIPAV MMCEPI TRV,"Sold, €1,100,000, Wed Sep 11 2024; Unlisted, €995,000, Thu Apr 04 2024; Relisted, €995,000, Tue Mar 12 2024; Sale Agreed, €995,000, Fri Feb 16 2024; Relisted, €995,000, Tue Oct 31 2023; Sale Agreed, €995,000, Wed Oct 25 2023; Created, €995,000, Tue Sep 12 2023",https://mynest.ie/listing/123608/Dublin/38-dundela-avenue-sandycove-co-dublin-a96x9w0,"38 Dundela Avenue, Sandycove, County Dublin",Sold,4 beds,2 baths,161,,,,53.2833125,-6.1149492,0,m²,,,,,https://www.myhome.ie/residential/brochure/38-dundela-avenue-sandycove-county-dublin/4783657
"38 Dundela Avenue, Sandycove, Co. Dublin, A96X9W0","€995,000",4 Bed,2 Bath,Detached,E2,A96 X9W0,"€1,035",Janet Carroll Estate Agent,Janet Carroll MIPAV MMCEPI TRV,"Sold, €1,100,000, Wed Sep 11 2024; Sale Agreed, €995,000, Mon Apr 29 2024; Created, €995,000, Fri Apr 05 2024",https://mynest.ie/listing/123608/Dublin/38-dundela-avenue-sandycove-co-dublin-a96x9w0,"38 Dundela Avenue, Sandycove, County Dublin",Sold,4 beds,2 baths,161,,,,53.2833125,-6.1149492,0,m²,,,,,https://www.myhome.ie/residential/brochure/38-dundela-avenue-sandycove-county-dublin/4783657
"36 Dorney Court, Shankill, Dublin 18, D18N2N0","€524,950",3 Bed,2 Bath,Semi-D,C1,D18 N2N0,€495,Churches Estate Agents,Blackrock Office,"Sold, €660,000, Wed Sep 11 2024; Sale Agreed, €524,950, Mon Jul 08 2024; Created, €524,950, Tue Jun 11 2024",https://mynest.ie/listing/135328/Dublin/36-dorney-court-shankill-dublin-18-d18n2n0,"36 Dorney Court, Shankill, County Dublin",Sold,3 beds,2 baths,104,,,,53.2313859,-6.11982,0,m²,,,,,https://www.myhome.ie/residential/brochure/36-dorney-court-shankill-county-dublin/4805003
"33 Waterside Court, Swords Road, Malahide, Co. Dublin, K36DY72","€449,000",3 Bed,2 Bath,Terrace,B2,K36 DY72,€495,PropertyTeam Paul Reddy,Paul Reddy,"Sold, €445,000, Wed Sep 11 2024; Sale Agreed, €449,000, Tue Jul 02 2024; Price Drop, €449,000, Fri Jun 07 2024; Relisted, €465,000, Fri Apr 12 2024; Price Rise, €465,000, Fri Apr 12 2024; Sale Agreed, €445,000, Fri Feb 02 2024; Price Drop, €445,000, Thu Dec 14 2023; Created, €450,000, Wed Oct 25 2023",https://mynest.ie/listing/102130/Dublin/33-waterside-court-swords-road-malahide-co-dublin-k36dy72,"33 Waterside Court, Malahide, Dublin",Sale Agreed,3 beds,2 baths,119,,,,53.451632,-6.198630800000001,0,m²,,,,,https://www.myhome.ie/residential/brochure/33-waterside-court-malahide-dublin/4750461
"23A Bellevue Avenue, Glenageary, Co. Dublin, A96HF60","€495,000",4 Bed,2 Bath,Duplex,D1,A96 HF60,€495,DNG Dun Laoghaire,David Dobbs,"Sold, €493,000, Wed Sep 11 2024; Unlisted, €495,000, Mon Mar 25 2024; Price Drop, €495,000, Thu Mar 14 2024; Created, €525,000, Tue Aug 29 2023",,"23a Bellevue Avenue, Glenageary, Co. Dublin",Sold,4 beds,2 baths,113.4,,,,53.2747234,-6.126634,0,m²,,,,,https://www.myhome.ie/residential/brochure/23a-bellevue-avenue-glenageary-co-dublin/4798354
"23a Bellevue Avenue, Glenageary, Co Dublin, A96HF60","€495,000",4 Bed,2 Bath,Duplex,D1,A96 HF60,€495,Sherry FitzGerald Dalkey,Simone Rothschild,"Sold, €493,000, Wed Sep 11 2024; Sale Agreed, €495,000, Fri Jul 12 2024; Created, €495,000, Mon May 20 2024",https://mynest.ie/listing/131264/Dublin/23a-bellevue-avenue-glenageary-co-dublin-a96hf60,"23a Bellevue Avenue, Glenageary, Co. Dublin",Sold,4 beds,2 baths,113.4,,,,53.2747234,-6.126634,0,m²,,,,,https://www.myhome.ie/residential/brochure/23a-bellevue-avenue-glenageary-co-dublin/4798354
"23 Dun Emer Place, Lusk, Co. Dublin, K45CV02","€410,000",3 Bed,3 Bath,Semi-D,B2,K45 CV02,€405,Sherry Fitzgerald Cumisky Kelly,Joanne Finegan,"Sold, €465,000, Wed Sep 11 2024; Sale Agreed, €410,000, Thu Jun 13 2024; Created, €410,000, Fri May 10 2024",https://mynest.ie/listing/129702/Dublin/23-dun-emer-place-lusk-co-dublin-k45cv02,"23 Dun Emer Place, Lusk, Co. Dublin",Sold,3 beds,3 baths,105,,,,53.5247037,-6.1801936,0,m²,,,,,https://www.myhome.ie/residential/brochure/23-dun-emer-place-lusk-co-dublin/4795650
"18 Magennis Square, Dublin 2, D02NN76","€395,000",2 Bed,1 Bath,End of Terrace,E1,D02 NN76,€405,Dublin Homes Auctioneers,Dublin Home Sales,"Sold, €459,000, Wed Sep 11 2024; Sale Agreed, €395,000, Tue Jul 30 2024; Created, €395,000, Thu Jun 27 2024",https://mynest.ie/listing/138218/Dublin/18-magennis-square-dublin-2-d02nn76,"18 Magennis Square, South City Centre, Dublin 2",Sale Agreed,2 beds,,61,,,,53.3449749,-6.247985099999999,0,m²,,,,,https://www.myhome.ie/residential/brochure/18-magennis-square-south-city-centre-dublin-2/4808868
"129 Lioscian, Swords, Co. Dublin, K67XF98","€395,000",3 Bed,3 Bath,End of Terrace,D1,K67 XF98,€405,Morton & Flanagan Ltd.,Adam Gavin,"Sold, €430,000, Wed Sep 11 2024; Sale Agreed, €395,000, Thu Jun 20 2024; Created, €395,000, Fri May 24 2024",https://mynest.ie/listing/132332/Dublin/129-lioscian-swords-co-dublin-k67xf98,"129 Lioscian, Swords, County Dublin",,,,,,,,53.4633862,-6.2439,,,,,,,https://www.myhome.ie/residential/brochure/129-lioscian-swords-county-dublin/4799817
"10 The Green, Station Manor, Portmarnock, Co Dublin, D13AE3W","€670,000",3 Bed,3 Bath,End of Terrace,A3,D13 AE3W,€675,Sherry FitzGerald Malahide,Eoghan Keenan,"Sold, €702,000, Wed Sep 11 2024; Sale Agreed, €670,000, Fri May 31 2024; Created, €670,000, Thu Apr 25 2024",https://mynest.ie/listing/127078/Dublin/10-the-green-station-manor-portmarnock-co-dublin-d13ae3w,"10 The Green, Station Manor, Portmarnock, Co. Dublin",Sold,3 beds,3 baths,113,,,,53.41939,-6.149644299999999,0,m²,,,,,https://www.myhome.ie/residential/brochure/10-the-green-station-manor-portmarnock-co-dublin/4789377
"1 Verschoyle Close, Citywest, Co. Dublin, D24W93F","€350,000",3 Bed,1 Bath,Bungalow,SI_666,D24 W93F,€315,Tom Maher & Co. Ltd,Tom Maher & Co.,"Sold, €355,000, Wed Sep 11 2024; Unlisted, €350,000, Wed Sep 11 2024; Created, €350,000, Mon Jun 10 2024",https://mynest.ie/listing/135040/Dublin/1-verschoyle-close-citywest-co-dublin-d24w93f,"1, Verschoyle Close, , Citywest, Dublin 24","€350,000",3 beds,,70,,,,53.2789104,-6.4238786,0,m²,,,,,https://www.myhome.ie/residential/brochure/1-verschoyle-close-citywest-dublin-24/4804677
"Apartment 96, The Plaza, Ballymun, Dublin 9, D09Y3C5","€225,000",2 Bed,2 Bath,Apartment,B3,D09 Y3C5,€225,Smith & Butler Estates,Danny Butler,"Sold, €240,000, Tue Sep 10 2024; Sale Agreed, €225,000, Sun Aug 04 2024; Created, €225,000, Wed Feb 14 2024",https://mynest.ie/listing/116011/Dublin/apartment-96-the-plaza-ballymun-dublin-9-d09y3c5,"96 The Plaza, Ballymun, Dublin 9",Sold,2 beds,2 baths,66,,,,53.3969459,-6.2639131,0,m²,,,,,https://www.myhome.ie/residential/brochure/96-the-plaza-ballymun-dublin-9/4773036
"82 Priory Wood, Donabate, Co. Dublin, K36AC98","€425,000",3 Bed,3 Bath,Semi-D,D1,K36 AC98,€405,O'Connor Estate Agents,Gerard O'Connor Assoc SCSI RICS,"Sold, €465,000, Tue Sep 10 2024; Sale Agreed, €425,000, Thu Jun 20 2024; Created, €425,000, Tue May 28 2024",https://mynest.ie/listing/132871/Dublin/82-priory-wood-donabate-co-dublin-k36ac98,"82 Priory Wood, Donabate, Dublin",Sale Agreed,3 beds,3 baths,121,,,,53.4895112,-6.1350877,0,m²,,,,,https://www.myhome.ie/residential/brochure/82-priory-wood-donabate-dublin/4800447
"8 Hanover House, Ardilaun Court, Patrick Street, Dublin 8","€260,000",1 Bed,1 Bath,Apartment,C2,D08 A7K2,€225,KM Property,Barry O`Driscoll,"Sold, €278,000, Tue Sep 10 2024; Sale Agreed, €260,000, Mon Jan 29 2024; Created, €260,000, Thu Oct 05 2023",https://mynest.ie/listing/99128/Dublin/8-hanover-house-ardilaun-court-patrick-street-dublin-8,,,,,,,,,53.34135620000001,-6.2726109,,,,,,,https://www.myhome.ie/residential/brochure/8-hanover-house-ardilaun-court-dublin-8-county-dublin/4745423
"73 Castle Riada Grove, Lucan, Co. Dublin, K78Y680","€320,000",2 Bed,1 Bath,End of Terrace,D1,K78 Y680,€315,DNG Lucan,Eoin Gorry,"Sold, €427,000, Tue Sep 10 2024; Sale Agreed, €320,000, Mon Jul 01 2024; Created, €320,000, Tue Jun 11 2024",https://mynest.ie/listing/135341/Dublin/73-castle-riada-grove-lucan-co-dublin-k78y680,"81 Castle Riada Grove, Lucan, Lucan, Dublin",Sale Agreed,2 beds,,71,,,,53.3478071,-6.429847000000001,0,m²,,,,,https://www.myhome.ie/residential/brochure/81-castle-riada-grove-lucan-lucan-dublin/4813055
"7 Willie Nolan Road, Baldoyle, Baldoyle, Dublin 13","€490,000",3 Bed,1 Bath,Semi-D,C3,D13 N278,€495,Smith & Butler Estates,Oisin McCormack,"Sold, €610,000, Tue Sep 10 2024; Unlisted, €490,000, Sat Nov 04 2023; Created, €490,000, Tue Jul 25 2023",https://mynest.ie/listing/87092/Dublin/7-willie-nolan-road-baldoyle-baldoyle-dublin-13,"7 Willie Nolan Road, Baldoyle, Dublin 13",Sale Agreed,3 beds,,91,,,,53.3984052,-6.130305099999999,0,m²,,,,,https://www.myhome.ie/residential/brochure/7-willie-nolan-road-baldoyle-dublin-13/4717245
"7 Willie Nolan Road, Baldoyle, Baldoyle, Dublin 13, D13N278","€520,000",3 Bed,1 Bath,Semi-D,D1,D13 N278,€495,Smith & Butler Estates,Danny Butler,"Sold, €610,000, Tue Sep 10 2024; Sale Agreed, €520,000, Sun May 12 2024; Created, €520,000, Thu Mar 07 2024",https://mynest.ie/listing/119316/Dublin/7-willie-nolan-road-baldoyle-baldoyle-dublin-13-d13n278,"7 Willie Nolan Road, Baldoyle, Dublin 13",Sale Agreed,3 beds,,91,,,,53.3984052,-6.130305099999999,0,m²,,,,,https://www.myhome.ie/residential/brochure/7-willie-nolan-road-baldoyle-dublin-13/4717245
"7 Turvey Park, Donabate, Co. Dublin, K36KR63","€485,000",3 Bed,2 Bath,Semi-D,B3,K36 KR63,€495,Robertson Estate Agents,Douglas Robertson,"Sold, €540,000, Tue Sep 10 2024; Sale Agreed, €485,000, Thu Jun 06 2024; Created, €485,000, Thu May 16 2024",https://mynest.ie/listing/130624/Dublin/7-turvey-park-donabate-co-dublin-k36kr63,"7 Turvey Park, Donabate, County Dublin",Sold,3 beds,2 baths,95,,,,53.48753300000001,-6.155146299999999,0,m²,,,,,https://www.myhome.ie/residential/brochure/7-turvey-park-donabate-county-dublin/4680075
"58 The Ramparts, Willow Avenue, Cabinteely, Dublin 18, D18W322","€350,000",2 Bed,2 Bath,Apartment,C2,D18 W322,€315,DNG Dun Laoghaire,Darragh Whelan,"Sold, €388,000, Tue Sep 10 2024; Sale Agreed, €350,000, Fri Jun 07 2024; Created, €350,000, Tue May 14 2024",https://mynest.ie/listing/130224/Dublin/58-the-ramparts-willow-avenue-cabinteely-dublin-18-d18w322,"58 The Ramparts, Willow Avenue, Cabinteely, Dublin 18",Sold,2 beds,2 baths,86,,,,53.249982,-6.1427415,0,m²,,,,,https://www.myhome.ie/residential/brochure/58-the-ramparts-willow-avenue-cabinteely-dublin-18/4795325
